<?xml version="1.0" encoding="UTF-8"?>

<beans xmlns="http://www.springframework.org/schema/beans"
    xmlns:xsi="http://www.w3.org/2001/XMLSchema-instance"
    xsi:schemaLocation="
        http://www.springframework.org/schema/beans http://www.springframework.org/schema/beans/spring-beans.xsd">
        
<bean id ="mathCheatObjectValue" class="com.object.MathCheat"></bean>
        
<bean id="stu" class="com.object.Student">
<property name="id" value="77"></property>
<property name="mathCheat" ref="mathCheatObjectValue"/>
</bean>


<bean id="anotherstudent" class="com.object.AnotherStudent">
<property name="cheat" ref="mathCheatObjectValue"/>
</bean>
</beans>
